<?xml version="1.0" encoding="UTF-8"?>
<description xmlns="http://openoffice.org/extensions/description/2006" xmlns:d="http://openoffice.org/extensions/description/2006"  xmlns:xlink="http://www.w3.org/1999/xlink">
    <identifier value="org.openoffice.nl.hunspell.dictionaries" />
    <platform value="all" />
    <version value="2.0.0" />
    <dependencies>
        <OpenOffice.org-minimal-version value="3.2" d:name="OpenOffice.org 3.2" />
    </dependencies>
    <registration>
        <simple-license accept-by="admin" suppress-on-update="false" >
            <license-text xlink:href="licentie_nl_NL.txt" lang="nl-NL" license-id="nl-NL" />
            <license-text xlink:href="license_en_EN.txt" lang="en-US" license-id="en-US" />
        </simple-license>
    </registration>
    <display-name>
        <name lang="en">Dutch spelling 2.00g following official standards.</name>
        <name lang="nl">Nederlandstalige spellingcontrole 2.00g conform de officiële standaard.</name>
    </display-name>
    <!-- not available
    <update-information/>
        <src xlink:href="http://www.opentaal.org/dmdocuments/Nederlands.xml" />
    </update-information>
    -->
    <extension-description>
        <src xlink:href="description/desc_nl_NL.txt" lang="nl" />
        <src xlink:href="description/desc_en_US.txt" lang="en" />
    </extension-description>
    <icon>
        <default xlink:href="images/OpenTaal.png" />
    </icon>

    <publisher>
        <name xlink:href="http://www.opentaal.org" lang="nl">www.opentaal.org</name>
        <name xlink:href="http://www.opentaal.org/english" lang="en">www.opentaal.org/english</name>
    </publisher>

    <!--This link will be generated by repository. Check if this already works for multiple languages.
        If not you may provide it manually if you like.
    <release-notes>
        <src xlink:href="http://extensions.openoffice.org/testarea/desktop/publisher/release-notes_en.txt" lang="en" />
        <src xlink:href="http://extensions.openoffice.org/testarea/desktop/publisher/release-notes_nl.txt" lang="nl" />
    </release-notes>
    -->
</description>
