<dataConfig>
    <dataSource type="URLDataSource" />
    <!-- see http://www.rssboard.org/rss-profile for specification -->
    <document>
        <entity name="lemonde"
                pk="link"
                url="http://www.lemonde.fr/rss/une.xml"
                processor="XPathEntityProcessor"
                forEach="/rss/channel/item | /rss/channel"
                transformer="DateFormatTransformer,HTMLStripTransformer,TemplateTransformer">
				
            <field column="source" xpath="/rss/channel/title" template="Le Monde" />
           <!-- <field column="source" xpath="/rss/channel/title" commonField="true" />-->
            <field column="source-link" xpath="/rss/channel/link" commonField="true" />
            <field column="subject" xpath="/rss/channel/subject"  template="Actu" commonField="true" />
			
            <!-- <field column="id" xpath="/rss/channel/item/guid" /> -->
            <field column="title" xpath="/rss/channel/item/title" />
            <field column="link" xpath="/rss/channel/item/link" />
            <field column="description" xpath="/rss/channel/item/description" stripHTML="true"/>
            <field column="creator" xpath="/rss/channel/item/author" />
            <field column="category" xpath="/rss/channel/item/category" />s
            <field column="dateS" xpath="/rss/channel/item/pubDate" template="NOW"/>
        </entity>
        <entity name="lemondesciences"
                pk="link"
                url="http://www.lemonde.fr/sciences/rss_full.xml"
                processor="XPathEntityProcessor"
                forEach="/rss/channel/item | /rss/channel"
                transformer="DateFormatTransformer,HTMLStripTransformer,TemplateTransformer">
				
            <field column="source" xpath="/rss/channel/title" template="Le Monde" />
           <!-- <field column="source" xpath="/rss/channel/title" commonField="true" />-->
            <field column="source-link" xpath="/rss/channel/link" commonField="true" />
            <field column="subject" xpath="/rss/channel/subject" template="Sciences" commonField="true" />
			
            <!-- <field column="id" xpath="/rss/channel/item/guid" /> -->
            <field column="title" xpath="/rss/channel/item/title" />
            <field column="link" xpath="/rss/channel/item/link" />
            <field column="description" xpath="/rss/channel/item/description" stripHTML="true"/>
            <field column="creator" xpath="/rss/channel/item/author" />
            <field column="category" xpath="/rss/channel/item/category" />s
            <field column="dateS" xpath="/rss/channel/item/pubDate" template="NOW"/>
        </entity>
        
         <entity name="lemondepolitique"
                pk="link"
                url="http://rss.lemonde.fr/c/205/f/3067/index.rss"
                processor="XPathEntityProcessor"
                forEach="/rss/channel/item | /rss/channel"
                transformer="DateFormatTransformer,HTMLStripTransformer,TemplateTransformer">
				
            <field column="source" xpath="/rss/channel/title" template="Le Monde" />
           <!-- <field column="source" xpath="/rss/channel/title" commonField="true" />-->
            <field column="source-link" xpath="/rss/channel/link" commonField="true" />
            <field column="subject" xpath="/rss/channel/subject" template="Politique" commonField="true" />
			
            <!-- <field column="id" xpath="/rss/channel/item/guid" /> -->
            <field column="title" xpath="/rss/channel/item/title" />
            <field column="link" xpath="/rss/channel/item/link" />
            <field column="description" xpath="/rss/channel/item/description" stripHTML="true"/>
            <field column="creator" xpath="/rss/channel/item/author" />
            <field column="category" xpath="/rss/channel/item/category" />s
            <field column="dateS" xpath="/rss/channel/item/pubDate" template="NOW"/>
        </entity>
        
  <entity name="lemondeinternational"
                pk="link"
                url="http://rss.lemonde.fr/c/205/f/3052/index.rss"
                processor="XPathEntityProcessor"
                forEach="/rss/channel/item | /rss/channel"
                transformer="DateFormatTransformer,HTMLStripTransformer,TemplateTransformer">
				
            <field column="source" xpath="/rss/channel/title" template="Le Monde" />
           <!-- <field column="source" xpath="/rss/channel/title" commonField="true" />-->
            <field column="source-link" xpath="/rss/channel/link" commonField="true" />
            <field column="subject" xpath="/rss/channel/subject" template="International" commonField="true" />
			
            <!-- <field column="id" xpath="/rss/channel/item/guid" /> -->
            <field column="title" xpath="/rss/channel/item/title" />
            <field column="link" xpath="/rss/channel/item/link" />
            <field column="description" xpath="/rss/channel/item/description" stripHTML="true"/>
            <field column="creator" xpath="/rss/channel/item/author" />
            <field column="category" xpath="/rss/channel/item/category" />s
            <field column="dateS" xpath="/rss/channel/item/pubDate" template="NOW"/>
        </entity>
 
  <entity name="lemondeculture"
                pk="link"
                url="http://rss.lemonde.fr/c/205/f/3060/index.rss"
                processor="XPathEntityProcessor"
                forEach="/rss/channel/item | /rss/channel"
                transformer="DateFormatTransformer,HTMLStripTransformer,TemplateTransformer">
				
            <field column="source" xpath="/rss/channel/title" template="Le Monde" />
           <!-- <field column="source" xpath="/rss/channel/title" commonField="true" />-->
            <field column="source-link" xpath="/rss/channel/link" commonField="true" />
            <field column="subject" xpath="/rss/channel/subject" template="Culture" commonField="true" />
			
            <!-- <field column="id" xpath="/rss/channel/item/guid" /> -->
            <field column="title" xpath="/rss/channel/item/title" />
            <field column="link" xpath="/rss/channel/item/link" />
            <field column="description" xpath="/rss/channel/item/description" stripHTML="true"/>
            <field column="creator" xpath="/rss/channel/item/author" />
            <field column="category" xpath="/rss/channel/item/category" />s
            <field column="dateS" xpath="/rss/channel/item/pubDate" template="NOW"/>
        </entity>

  <entity name="lemondesport"
                pk="link"
                url="http://rss.lemonde.fr/c/205/f/3058/index.rss"
                processor="XPathEntityProcessor"
                forEach="/rss/channel/item | /rss/channel"
                transformer="DateFormatTransformer,HTMLStripTransformer,TemplateTransformer">
				
            <field column="source" xpath="/rss/channel/title" template="Le Monde" />
           <!-- <field column="source" xpath="/rss/channel/title" commonField="true" />-->
            <field column="source-link" xpath="/rss/channel/link" commonField="true" />
            <field column="subject" xpath="/rss/channel/subject" template="Sport" commonField="true" />
			
            <!-- <field column="id" xpath="/rss/channel/item/guid" /> -->
            <field column="title" xpath="/rss/channel/item/title" />
            <field column="link" xpath="/rss/channel/item/link" />
            <field column="description" xpath="/rss/channel/item/description" stripHTML="true"/>
            <field column="creator" xpath="/rss/channel/item/author" />
            <field column="category" xpath="/rss/channel/item/category" />s
            <field column="dateS" xpath="/rss/channel/item/pubDate" template="NOW"/>
        </entity> 
  <entity name="lemondesante"
                pk="link"
                url="http://www.lemonde.fr/sante/rss_full.xml"
                processor="XPathEntityProcessor"
                forEach="/rss/channel/item | /rss/channel"
                transformer="DateFormatTransformer,HTMLStripTransformer,TemplateTransformer">
				
            <field column="source" xpath="/rss/channel/title" template="Le Monde" />
           <!-- <field column="source" xpath="/rss/channel/title" commonField="true" />-->
            <field column="source-link" xpath="/rss/channel/link" commonField="true" />
            <field column="subject" xpath="/rss/channel/subject" template="Santé" commonField="true" />
			
            <!-- <field column="id" xpath="/rss/channel/item/guid" /> -->
            <field column="title" xpath="/rss/channel/item/title" />
            <field column="link" xpath="/rss/channel/item/link" />
            <field column="description" xpath="/rss/channel/item/description" stripHTML="true"/>
            <field column="creator" xpath="/rss/channel/item/author" />
            <field column="category" xpath="/rss/channel/item/category" />s
            <field column="dateS" xpath="/rss/channel/item/pubDate" template="NOW"/>
        </entity> 

  <entity name="lemondesociete"
                pk="link"
                url="http://rss.lemonde.fr/c/205/f/3054/index.rss"
                processor="XPathEntityProcessor"
                forEach="/rss/channel/item | /rss/channel"
                transformer="DateFormatTransformer,HTMLStripTransformer,TemplateTransformer">
				
            <!-- <field column="id" xpath="/rss/channel/item/guid" /> -->
            <field column="title" xpath="/rss/channel/item/title" />
            <field column="link" xpath="/rss/channel/item/link" />
            <field column="description" xpath="/rss/channel/item/description" stripHTML="true"/>
            <field column="creator" xpath="/rss/channel/item/author" />
            <field column="category" xpath="/rss/channel/item/category" />s
            <field column="dateS" xpath="/rss/channel/item/pubDate" template="NOW"/>
        </entity> 

  <entity name="lemondetechno"
                pk="link"
                url="http://rss.lemonde.fr/c/205/f/3061/index.rss"
                processor="XPathEntityProcessor"
                forEach="/rss/channel/item | /rss/channel"
                transformer="DateFormatTransformer,HTMLStripTransformer,TemplateTransformer">
				
            <field column="source" xpath="/rss/channel/title" template="Le Monde" />
           <!-- <field column="source" xpath="/rss/channel/title" commonField="true" />-->
            <field column="source-link" xpath="/rss/channel/link" commonField="true" />
            <field column="subject" xpath="/rss/channel/subject" template="Technologies" commonField="true" />
			
            <!-- <field column="id" xpath="/rss/channel/item/guid" /> -->
            <field column="title" xpath="/rss/channel/item/title" />
            <field column="link" xpath="/rss/channel/item/link" />
            <field column="description" xpath="/rss/channel/item/description" stripHTML="true"/>
            <field column="creator" xpath="/rss/channel/item/author" />
            <field column="category" xpath="/rss/channel/item/category" />s
            <field column="dateS" xpath="/rss/channel/item/pubDate" template="NOW"/>
        </entity> 



        
        <entity name="le figaro"
                pk="link"
                url="http://www.lefigaro.fr/rss/figaro_flash-actu.xml"
                processor="XPathEntityProcessor"
                forEach="/rss/channel/item | /rss/channel"
                transformer="DateFormatTransformer,HTMLStripTransformer,TemplateTransformer">
				
            <field column="source" xpath="/rss/channel/title" template="Le Figaro" />
           <!-- <field column="source" xpath="/rss/channel/title" commonField="true" />-->
            <field column="source-link" xpath="/rss/channel/link" commonField="true" />
            <field column="subject" xpath="/rss/channel/subject"  template="Actu" commonField="true" />
			
            <!-- <field column="id" xpath="/rss/channel/item/guid" /> -->
            <field column="title" xpath="/rss/channel/item/title" />
            <field column="link" xpath="/rss/channel/item/link" />
            <field column="description" xpath="/rss/channel/item/description" stripHTML="true"/>
            <field column="creator" xpath="/rss/channel/item/author" />
            <field column="category" xpath="/rss/channel/item/category" />s
            <field column="dateS" xpath="/rss/channel/item/pubDate" template="NOW"/>
        </entity>

        <entity name="le figaro santé"
                pk="link"
                url="http://www.lefigaro.fr/rss/figaro_sante.xml"
                processor="XPathEntityProcessor"
                forEach="/rss/channel/item | /rss/channel"
                transformer="DateFormatTransformer,HTMLStripTransformer,TemplateTransformer">
				
            <field column="source" xpath="/rss/channel/title" template="Le Figaro" />
           <!-- <field column="source" xpath="/rss/channel/title" commonField="true" />-->
            <field column="source-link" xpath="/rss/channel/link" commonField="true" />
            <field column="subject" xpath="/rss/channel/subject"  template="Santé" commonField="true" />
			
            <!-- <field column="id" xpath="/rss/channel/item/guid" /> -->
            <field column="title" xpath="/rss/channel/item/title" />
            <field column="link" xpath="/rss/channel/item/link" />
            <field column="description" xpath="/rss/channel/item/description" stripHTML="true"/>
            <field column="creator" xpath="/rss/channel/item/author" />
            <field column="category" xpath="/rss/channel/item/category" />s
            <field column="dateS" xpath="/rss/channel/item/pubDate" template="NOW"/>
        </entity>

        <entity name="le figaro sciences"
                pk="link"
                url="http://www.lefigaro.fr/rss/figaro_sciences.xml"
                processor="XPathEntityProcessor"
                forEach="/rss/channel/item | /rss/channel"
                transformer="DateFormatTransformer,HTMLStripTransformer,TemplateTransformer">
				
            <field column="source" xpath="/rss/channel/title" template="Le Figaro" />
           <!-- <field column="source" xpath="/rss/channel/title" commonField="true" />-->
            <field column="source-link" xpath="/rss/channel/link" commonField="true" />
            <field column="subject" xpath="/rss/channel/subject"  template="Sciences" commonField="true" />
			
            <!-- <field column="id" xpath="/rss/channel/item/guid" /> -->
            <field column="title" xpath="/rss/channel/item/title" />
            <field column="link" xpath="/rss/channel/item/link" />
            <field column="description" xpath="/rss/channel/item/description" stripHTML="true"/>
            <field column="creator" xpath="/rss/channel/item/author" />
            <field column="category" xpath="/rss/channel/item/category" />s
            <field column="dateS" xpath="/rss/channel/item/pubDate" template="NOW"/>
        </entity>

        <entity name="le figaro hightech"
                pk="link"
                url="http://www.lefigaro.fr/rss/figaro_hightech.xml"
                processor="XPathEntityProcessor"
                forEach="/rss/channel/item | /rss/channel"
                transformer="DateFormatTransformer,HTMLStripTransformer,TemplateTransformer">
				
            <field column="source" xpath="/rss/channel/title" template="Le Figaro" />
           <!-- <field column="source" xpath="/rss/channel/title" commonField="true" />-->
            <field column="source-link" xpath="/rss/channel/link" commonField="true" />
            <field column="subject" xpath="/rss/channel/subject"  template="Technologies" commonField="true" />
			
            <!-- <field column="id" xpath="/rss/channel/item/guid" /> -->
            <field column="title" xpath="/rss/channel/item/title" />
            <field column="link" xpath="/rss/channel/item/link" />
            <field column="description" xpath="/rss/channel/item/description" stripHTML="true"/>
            <field column="creator" xpath="/rss/channel/item/author" />
            <field column="category" xpath="/rss/channel/item/category" />s
            <field column="dateS" xpath="/rss/channel/item/pubDate" template="NOW"/>
        </entity>
 
 
        <entity name="le figaro international"
                pk="link"
                url="http://www.lefigaro.fr/rss/figaro_international.xml"
                processor="XPathEntityProcessor"
                forEach="/rss/channel/item | /rss/channel"
                transformer="DateFormatTransformer,HTMLStripTransformer,TemplateTransformer">
				
            <field column="source" xpath="/rss/channel/title" template="Le Figaro" />
           <!-- <field column="source" xpath="/rss/channel/title" commonField="true" />-->
            <field column="source-link" xpath="/rss/channel/link" commonField="true" />
            <field column="subject" xpath="/rss/channel/subject"  template="International" commonField="true" />
			
            <!-- <field column="id" xpath="/rss/channel/item/guid" /> -->
            <field column="title" xpath="/rss/channel/item/title" />
            <field column="link" xpath="/rss/channel/item/link" />
            <field column="description" xpath="/rss/channel/item/description" stripHTML="true"/>
            <field column="creator" xpath="/rss/channel/item/author" />
            <field column="category" xpath="/rss/channel/item/category" />s
            <field column="dateS" xpath="/rss/channel/item/pubDate" template="NOW"/>
        </entity>       

        <entity name="le figaro politique"
                pk="link"
                url="http://www.lefigaro.fr/rss/figaro_politique.xml"
                processor="XPathEntityProcessor"
                forEach="/rss/channel/item | /rss/channel"
                transformer="DateFormatTransformer,HTMLStripTransformer,TemplateTransformer">
				
            <field column="source" xpath="/rss/channel/title" template="Le Figaro" />
           <!-- <field column="source" xpath="/rss/channel/title" commonField="true" />-->
            <field column="source-link" xpath="/rss/channel/link" commonField="true" />
            <field column="subject" xpath="/rss/channel/subject"  template="Politique" commonField="true" />
			
            <!-- <field column="id" xpath="/rss/channel/item/guid" /> -->
            <field column="title" xpath="/rss/channel/item/title" />
            <field column="link" xpath="/rss/channel/item/link" />
            <field column="description" xpath="/rss/channel/item/description" stripHTML="true"/>
            <field column="creator" xpath="/rss/channel/item/author" />
            <field column="category" xpath="/rss/channel/item/category" />s
            <field column="dateS" xpath="/rss/channel/item/pubDate" template="NOW"/>
        </entity>

       <entity name="Les Echos"
                pk="link"
                url="http://syndication.lesechos.fr/rss/rss_une_titres.xml"
                processor="XPathEntityProcessor"
                forEach="/rss/channel/item | /rss/channel"
                transformer="DateFormatTransformer,HTMLStripTransformer,TemplateTransformer">
				
            <field column="source" xpath="/rss/channel/title" template="Les Echos" />
           <!-- <field column="source" xpath="/rss/channel/title" commonField="true" />-->
            <field column="source-link" xpath="/rss/channel/link" commonField="true" />
            <field column="subject" xpath="/rss/channel/subject"  template="Actu" commonField="true" />
			
            <!-- <field column="id" xpath="/rss/channel/item/guid" /> -->
            <field column="title" xpath="/rss/channel/item/title" />
            <field column="link" xpath="/rss/channel/item/link" />
            <field column="description" xpath="/rss/channel/item/description" stripHTML="true"/>
            <field column="creator" xpath="/rss/channel/item/author" />
            <field column="category" xpath="/rss/channel/item/category" />s
            <field column="dateS" xpath="/rss/channel/item/pubDate" template="NOW"/>
        </entity>

       <entity name="Les Echos"
                pk="link"
                url="http://syndication.lesechos.fr/rss/rss_france.xml"
                processor="XPathEntityProcessor"
                forEach="/rss/channel/item | /rss/channel"
                transformer="DateFormatTransformer,HTMLStripTransformer,TemplateTransformer">
				
            <field column="source" xpath="/rss/channel/title" template="Les Echos" />
           <!-- <field column="source" xpath="/rss/channel/title" commonField="true" />-->
            <field column="source-link" xpath="/rss/channel/link" commonField="true" />
            <field column="subject" xpath="/rss/channel/subject"  template="Economie" commonField="true" />
			
            <!-- <field column="id" xpath="/rss/channel/item/guid" /> -->
            <field column="title" xpath="/rss/channel/item/title" />
            <field column="link" xpath="/rss/channel/item/link" />
            <field column="description" xpath="/rss/channel/item/description" stripHTML="true"/>
            <field column="creator" xpath="/rss/channel/item/author" />
            <field column="category" xpath="/rss/channel/item/category" />s
            <field column="dateS" xpath="/rss/channel/item/pubDate" template="NOW"/>
        </entity>

       <entity name="Les echos"
                pk="link"
                url="http://syndication.lesechos.fr/rss/Echos_monde.xml"
                processor="XPathEntityProcessor"
                forEach="/rss/channel/item | /rss/channel"
                transformer="DateFormatTransformer,HTMLStripTransformer,TemplateTransformer">
				
            <field column="source" xpath="/rss/channel/title" template="Les Echos" />
           <!-- <field column="source" xpath="/rss/channel/title" commonField="true" />-->
            <field column="source-link" xpath="/rss/channel/link" commonField="true" />
            <field column="subject" xpath="/rss/channel/subject"  template="International" commonField="true" />
			
            <!-- <field column="id" xpath="/rss/channel/item/guid" /> -->
            <field column="title" xpath="/rss/channel/item/title" />
            <field column="link" xpath="/rss/channel/item/link" />
            <field column="description" xpath="/rss/channel/item/description" stripHTML="true"/>
            <field column="creator" xpath="/rss/channel/item/author" />
            <field column="category" xpath="/rss/channel/item/category" />s
            <field column="dateS" xpath="/rss/channel/item/pubDate" template="NOW"/>
        </entity>

       <entity name="Les echos"
                pk="link"
                url="http://syndication.lesechos.fr/rss/rss_tech_medias.xml"
                processor="XPathEntityProcessor"
                forEach="/rss/channel/item | /rss/channel"
                transformer="DateFormatTransformer,HTMLStripTransformer,TemplateTransformer">
				
            <field column="source" xpath="/rss/channel/title" template="Les Echos" />
           <!-- <field column="source" xpath="/rss/channel/title" commonField="true" />-->
            <field column="source-link" xpath="/rss/channel/link" commonField="true" />
            <field column="subject" xpath="/rss/channel/subject"  template="Technologies" commonField="true" />
			
            <!-- <field column="id" xpath="/rss/channel/item/guid" /> -->
            <field column="title" xpath="/rss/channel/item/title" />
            <field column="link" xpath="/rss/channel/item/link" />
            <field column="description" xpath="/rss/channel/item/description" stripHTML="true"/>
            <field column="creator" xpath="/rss/channel/item/author" />
            <field column="category" xpath="/rss/channel/item/category" />s
            <field column="dateS" xpath="/rss/channel/item/pubDate" template="NOW"/>
        </entity>

       <entity name="Les echos"
                pk="link"
                url="http://syndication.lesechos.fr/rss/rss_politique_societe.xml"
                processor="XPathEntityProcessor"
                forEach="/rss/channel/item | /rss/channel"
                transformer="DateFormatTransformer,HTMLStripTransformer,TemplateTransformer">
				
            <field column="source" xpath="/rss/channel/title" template="Les Echos" />
           <!-- <field column="source" xpath="/rss/channel/title" commonField="true" />-->
            <field column="source-link" xpath="/rss/channel/link" commonField="true" />
            <field column="subject" xpath="/rss/channel/subject"  template="Politique" commonField="true" />
			
            <!-- <field column="id" xpath="/rss/channel/item/guid" /> -->
            <field column="title" xpath="/rss/channel/item/title" />
            <field column="link" xpath="/rss/channel/item/link" />
            <field column="description" xpath="/rss/channel/item/description" stripHTML="true"/>
            <field column="creator" xpath="/rss/channel/item/author" />
            <field column="category" xpath="/rss/channel/item/category" />s
            <field column="dateS" xpath="/rss/channel/item/pubDate" template="NOW"/>
        </entity>

       <entity name="Les echos"
                pk="link"
                url="http://syndication.lesechos.fr/rss/rss_industries_services.xml"
                processor="XPathEntityProcessor"
                forEach="/rss/channel/item | /rss/channel"
                transformer="DateFormatTransformer,HTMLStripTransformer,TemplateTransformer">
				
            <field column="source" xpath="/rss/channel/title" template="Les Echos" />
           <!-- <field column="source" xpath="/rss/channel/title" commonField="true" />-->
            <field column="source-link" xpath="/rss/channel/link" commonField="true" />
            <field column="subject" xpath="/rss/channel/subject"  template="Economie" commonField="true" />
			
            <!-- <field column="id" xpath="/rss/channel/item/guid" /> -->
            <field column="title" xpath="/rss/channel/item/title" />
            <field column="link" xpath="/rss/channel/item/link" />
            <field column="description" xpath="/rss/channel/item/description" stripHTML="true"/>
            <field column="creator" xpath="/rss/channel/item/author" />
            <field column="category" xpath="/rss/channel/item/category" />s
            <field column="dateS" xpath="/rss/channel/item/pubDate" template="NOW"/>
        </entity>

       <entity name="Les echos"
                pk="link"
                url="http://syndication.lesechos.fr/rss/rss_sports.xml"
                processor="XPathEntityProcessor"
                forEach="/rss/channel/item | /rss/channel"
                transformer="DateFormatTransformer,HTMLStripTransformer,TemplateTransformer">
				
            <field column="source" xpath="/rss/channel/title" template="Les Echos" />
           <!-- <field column="source" xpath="/rss/channel/title" commonField="true" />-->
            <field column="source-link" xpath="/rss/channel/link" commonField="true" />
            <field column="subject" xpath="/rss/channel/subject"  template="Sport" commonField="true" />
			
            <!-- <field column="id" xpath="/rss/channel/item/guid" /> -->
            <field column="title" xpath="/rss/channel/item/title" />
            <field column="link" xpath="/rss/channel/item/link" />
            <field column="description" xpath="/rss/channel/item/description" stripHTML="true"/>
            <field column="creator" xpath="/rss/channel/item/author" />
            <field column="category" xpath="/rss/channel/item/category" />s
            <field column="dateS" xpath="/rss/channel/item/pubDate" template="NOW"/>
        </entity>

       <entity name="Huffington Post"
                pk="link"
                url="http://www.huffingtonpost.fr/feeds/index.xml"
                processor="XPathEntityProcessor"
                forEach="/rss/channel/item | /rss/channel"
                transformer="DateFormatTransformer,HTMLStripTransformer,TemplateTransformer">
				
            <field column="source" xpath="/rss/channel/title" template="Huffington Post" />
           <!-- <field column="source" xpath="/rss/channel/title" commonField="true" />-->
            <field column="source-link" xpath="/rss/channel/link" commonField="true" />
            <field column="subject" xpath="/rss/channel/subject"  template="Actu" commonField="true" />
			
            <!-- <field column="id" xpath="/rss/channel/item/guid" /> -->
            <field column="title" xpath="/rss/channel/item/title" />
            <field column="link" xpath="/rss/channel/item/link" />
            <field column="description" xpath="/rss/channel/item/description" stripHTML="true"/>
            <field column="creator" xpath="/rss/channel/item/author" />
            <field column="category" xpath="/rss/channel/item/category" />s
            <field column="dateS" xpath="/rss/channel/item/pubDate" template="NOW"/>
        </entity>

       <entity name="Nouvel Obs"
                pk="link"
                url="http://rss.nouvelobs.com/c/32262/fe.ed/tempsreel.nouvelobs.com/rss.xml"
                processor="XPathEntityProcessor"
                forEach="/rss/channel/item | /rss/channel"
                transformer="DateFormatTransformer,HTMLStripTransformer,TemplateTransformer">
				
            <field column="source" xpath="/rss/channel/title" template="Nouvel Obs" />
           <!-- <field column="source" xpath="/rss/channel/title" commonField="true" />-->
            <field column="source-link" xpath="/rss/channel/link" commonField="true" />
            <field column="subject" xpath="/rss/channel/subject"  template="Actu" commonField="true" />
			
            <!-- <field column="id" xpath="/rss/channel/item/guid" /> -->
            <field column="title" xpath="/rss/channel/item/title" />
            <field column="link" xpath="/rss/channel/item/link" />
            <field column="description" xpath="/rss/channel/item/description" stripHTML="true"/>
            <field column="creator" xpath="/rss/channel/item/author" />
            <field column="category" xpath="/rss/channel/item/category" />s
            <field column="dateS" xpath="/rss/channel/item/pubDate" template="NOW"/>
        </entity>
        
       <entity name="Libération"
                pk="link"
                url="http://liberation.fr.feedsportal.com/c/32268/fe.ed/rss.liberation.fr/rss/latest/"
                processor="XPathEntityProcessor"
                forEach="/rss/channel/item | /rss/channel"
                transformer="DateFormatTransformer,HTMLStripTransformer,TemplateTransformer">
				
            <field column="source" xpath="/rss/channel/title" template="Libération" />
           <!-- <field column="source" xpath="/rss/channel/title" commonField="true" />-->
            <field column="source-link" xpath="/rss/channel/link" commonField="true" />
            <field column="subject" xpath="/rss/channel/subject"  template="Actu" commonField="true" />
			
            <!-- <field column="id" xpath="/rss/channel/item/guid" /> -->
            <field column="title" xpath="/rss/channel/item/title" />
            <field column="link" xpath="/rss/channel/item/link" />
            <field column="description" xpath="/rss/channel/item/description" stripHTML="true"/>
            <field column="creator" xpath="/rss/channel/item/author" />
            <field column="category" xpath="/rss/channel/item/category" />s
            <field column="dateS" xpath="/rss/channel/item/pubDate" template="NOW"/>
        </entity>
       <entity name="La Croix"
                pk="link"
                url="http://www.la-croix.com/RSS/UNIVERS"
                processor="XPathEntityProcessor"
                forEach="/rss/channel/item | /rss/channel"
                transformer="LogTransformer, DateFormatTransformer,HTMLStripTransformer,TemplateTransformer"
                logTemplate="${e.name}" logLevel="trace">
				
            <field column="source" xpath="/rss/channel/title" template="La Croix" />
            <field column="source-link" xpath="/rss/channel/link" commonField="true" />
            <field column="subject" xpath="/rss/channel/subject"  template="Actu" commonField="true" />
			
            <field column="title" xpath="/rss/channel/item/title" />
            <field column="link" xpath="/rss/channel/item/link" />
            <field column="description" xpath="/rss/channel/item/description" stripHTML="true"/>
            <field column="creator" xpath="/rss/channel/item/author" />
            <field column="category" xpath="/rss/channel/item/category" />s
            <field column="dateS" xpath="/rss/channel/item/pubDate" template="NOW"/>
        </entity>

       <entity name="Mediapart"
                pk="link"
                url="https://www.mediapart.fr/articles/feed"
                processor="XPathEntityProcessor"
                forEach="/rss/channel/item | /rss/channel"
                transformer="LogTransformer, DateFormatTransformer,HTMLStripTransformer,TemplateTransformer"
                logTemplate="${e.name}" logLevel="trace">
				
            <field column="source" xpath="/rss/channel/title" template="Mediapart" />
            <field column="subject" xpath="/rss/channel/subject"  template="Actu" commonField="true" />
			
             <field column="id" xpath="/rss/channel/item/guid" /> 
            <field column="title" xpath="/rss/channel/item/title" />
            <field column="link" xpath="/rss/channel/item/link" />
            <field column="description" xpath="/rss/channel/item/description" stripHTML="true"/>
            <field column="creator" xpath="/rss/channel/item/author" />
            <field column="category" xpath="/rss/channel/item/category" />
            <field column="dateS" xpath="/rss/channel/item/pubDate" template="NOW"/>
        </entity>
       <entity name="Slate"
                pk="link"
                url="http://www.slate.fr/rss.xml"
                processor="XPathEntityProcessor"
                forEach="/rss/channel/item | /rss/channel"
                transformer="LogTransformer, DateFormatTransformer,HTMLStripTransformer,TemplateTransformer"
                logTemplate="${e.name}" logLevel="trace">
				
            <field column="source" xpath="/rss/channel/title" template="Slate" />
           <!-- <field column="source" xpath="/rss/channel/title" commonField="true" />-->
            <field column="source-link" xpath="/rss/channel/link" commonField="true" />
            <field column="subject" xpath="/rss/channel/subject"  template="Actu" commonField="true" />
			
            <!-- <field column="id" xpath="/rss/channel/item/guid" /> -->
            <field column="title" xpath="/rss/channel/item/title" />
            <field column="link" xpath="/rss/channel/item/link" />
            <field column="description" xpath="/rss/channel/item/description" stripHTML="true"/>
            <field column="creator" xpath="/rss/channel/item/author" />
            <field column="category" xpath="/rss/channel/item/category" />
            <field column="dateS" xpath="/rss/channel/item/pubDate" template="NOW"/>
<!--            <field column="dateS" xpath="/rss/channel/item/pubDate" dateTimeFormat="YYYY-MM-dd'T'HH:mm:ssz"/>-->
        </entity>


       <entity name="Sciences et Avenir"
                pk="link"
                url="http://rss.nouvelobs.com/c/32581/fe.ed/www.sciencesetavenir.fr/sante/rss.xml"
                processor="XPathEntityProcessor"
                forEach="/rss/channel/item | /rss/channel"
                transformer="LogTransformer, DateFormatTransformer,HTMLStripTransformer,TemplateTransformer"
                logTemplate="${e.name}" logLevel="trace">
            <field column="source" xpath="/rss/channel/title" template="Sciences et Avenir" />
            <field column="source-link" xpath="/rss/channel/link" commonField="true" />
            <field column="subject" xpath="/rss/channel/subject"  template="Santé" commonField="true" />
            <field column="title" xpath="/rss/channel/item/title" />
            <field column="link" xpath="/rss/channel/item/link" />
            <field column="description" xpath="/rss/channel/item/description" stripHTML="true"/>
            <field column="creator" xpath="/rss/channel/item/author" />
            <field column="category" xpath="/rss/channel/item/category" />
            <field column="dateS" xpath="/rss/channel/item/pubDate" template="NOW"/>
        </entity>

       <entity name="Sciences et Avenir"
                pk="link"
                url="http://rss.nouvelobs.com/c/32581/fe.ed/www.sciencesetavenir.fr/rss.xml"
                processor="XPathEntityProcessor"
                forEach="/rss/channel/item | /rss/channel"
                transformer="LogTransformer, DateFormatTransformer,HTMLStripTransformer,TemplateTransformer"
                logTemplate="${e.name}" logLevel="trace">
            <field column="source" xpath="/rss/channel/title" template="Sciences et Avenir" />
            <field column="source-link" xpath="/rss/channel/link" commonField="true" />
            <field column="subject" xpath="/rss/channel/subject"  template="Actualités" commonField="true" />
            <field column="title" xpath="/rss/channel/item/title" />
            <field column="link" xpath="/rss/channel/item/link" />
            <field column="description" xpath="/rss/channel/item/description" stripHTML="true"/>
            <field column="creator" xpath="/rss/channel/item/author" />
            <field column="category" xpath="/rss/channel/item/category" />
            <field column="dateS" xpath="/rss/channel/item/pubDate" template="NOW"/>
        </entity>

       <entity name="Sciences et Avenir"
                pk="link"
                url="http://rss.nouvelobs.com/c/32581/fe.ed/www.sciencesetavenir.fr/decryptage/rss.xml"
                processor="XPathEntityProcessor"
                forEach="/rss/channel/item | /rss/channel"
                transformer="LogTransformer, DateFormatTransformer,HTMLStripTransformer,TemplateTransformer"
                logTemplate="${e.name}" logLevel="trace">
            <field column="source" xpath="/rss/channel/title" template="Sciences et Avenir" />
            <field column="source-link" xpath="/rss/channel/link" commonField="true" />
            <field column="subject" xpath="/rss/channel/subject"  template="Décryptage" commonField="true" />
            <field column="title" xpath="/rss/channel/item/title" />
            <field column="link" xpath="/rss/channel/item/link" />
            <field column="description" xpath="/rss/channel/item/description" stripHTML="true"/>
            <field column="creator" xpath="/rss/channel/item/author" />
            <field column="category" xpath="/rss/channel/item/category" />
            <field column="dateS" xpath="/rss/channel/item/pubDate" template="NOW"/>
        </entity>

       <entity name="Sciences et Avenir"
                pk="link"
                url="http://rss.nouvelobs.com/c/32581/fe.ed/www.sciencesetavenir.fr/espace/rss.xml"
                processor="XPathEntityProcessor"
                forEach="/rss/channel/item | /rss/channel"
                transformer="LogTransformer, DateFormatTransformer,HTMLStripTransformer,TemplateTransformer"
                logTemplate="${e.name}" logLevel="trace">
            <field column="source" xpath="/rss/channel/title" template="Sciences et Avenir" />
            <field column="source-link" xpath="/rss/channel/link" commonField="true" />
            <field column="subject" xpath="/rss/channel/subject"  template="Espace" commonField="true" />
            <field column="title" xpath="/rss/channel/item/title" />
            <field column="link" xpath="/rss/channel/item/link" />
            <field column="description" xpath="/rss/channel/item/description" stripHTML="true"/>
            <field column="creator" xpath="/rss/channel/item/author" />
            <field column="category" xpath="/rss/channel/item/category" />
            <field column="dateS" xpath="/rss/channel/item/pubDate" template="NOW"/>
        </entity>
       <entity name="Sciences et Avenir"
                pk="link"
                url="http://rss.nouvelobs.com/c/32581/fe.ed/www.sciencesetavenir.fr/nature-environnement/rss.xml"
                processor="XPathEntityProcessor"
                forEach="/rss/channel/item | /rss/channel"
                transformer="LogTransformer, DateFormatTransformer,HTMLStripTransformer,TemplateTransformer"
                logTemplate="${e.name}" logLevel="trace">
            <field column="source" xpath="/rss/channel/title" template="Sciences et Avenir" />
            <field column="source-link" xpath="/rss/channel/link" commonField="true" />
            <field column="subject" xpath="/rss/channel/subject"  template="Nature" commonField="true" />
            <field column="title" xpath="/rss/channel/item/title" />
            <field column="link" xpath="/rss/channel/item/link" />
            <field column="description" xpath="/rss/channel/item/description" stripHTML="true"/>
            <field column="creator" xpath="/rss/channel/item/author" />
            <field column="category" xpath="/rss/channel/item/category" />
            <field column="dateS" xpath="/rss/channel/item/pubDate" template="NOW"/>
        </entity>

       <entity name="Sciences et Avenir"
                pk="link"
                url="http://rss.nouvelobs.com/c/32581/fe.ed/www.sciencesetavenir.fr/high-tech/rss.xml"
                processor="XPathEntityProcessor"
                forEach="/rss/channel/item | /rss/channel"
                transformer="LogTransformer, DateFormatTransformer,HTMLStripTransformer,TemplateTransformer"
                logTemplate="${e.name}" logLevel="trace">
            <field column="source" xpath="/rss/channel/title" template="Sciences et Avenir" />
            <field column="source-link" xpath="/rss/channel/link" commonField="true" />
            <field column="subject" xpath="/rss/channel/subject"  template="Technologies" commonField="true" />
            <field column="title" xpath="/rss/channel/item/title" />
            <field column="link" xpath="/rss/channel/item/link" />
            <field column="description" xpath="/rss/channel/item/description" stripHTML="true"/>
            <field column="creator" xpath="/rss/channel/item/author" />
            <field column="category" xpath="/rss/channel/item/category" />
            <field column="dateS" xpath="/rss/channel/item/pubDate" template="NOW"/>
        </entity>
       <entity name="Sciences et Avenir"
                pk="link"
                url="http://rss.nouvelobs.com/c/32581/fe.ed/www.sciencesetavenir.fr/infographies/rss.xml"
                processor="XPathEntityProcessor"
                forEach="/rss/channel/item | /rss/channel"
                transformer="LogTransformer, DateFormatTransformer,HTMLStripTransformer,TemplateTransformer"
                logTemplate="${e.name}" logLevel="trace">
            <field column="source" xpath="/rss/channel/title" template="Sciences et Avenir" />
            <field column="source-link" xpath="/rss/channel/link" commonField="true" />
            <field column="subject" xpath="/rss/channel/subject"  template="Infographies" commonField="true" />
            <field column="title" xpath="/rss/channel/item/title" />
            <field column="link" xpath="/rss/channel/item/link" />
            <field column="description" xpath="/rss/channel/item/description" stripHTML="true"/>
            <field column="creator" xpath="/rss/channel/item/author" />
            <field column="category" xpath="/rss/channel/item/category" />
            <field column="dateS" xpath="/rss/channel/item/pubDate" template="NOW"/>
        </entity>

       <entity name="Inserm"
                pk="link"
                url="http://www.inserm.fr/rss/feed/actualites-recherche"
                processor="XPathEntityProcessor"
                forEach="/rss/channel/item | /rss/channel"
                transformer="LogTransformer, DateFormatTransformer,HTMLStripTransformer,TemplateTransformer"
                logTemplate="${e.name}" logLevel="trace">
            <field column="source" xpath="/rss/channel/title" template="Inserm" />
            <field column="source-link" xpath="/rss/channel/link" commonField="true" />
            <field column="subject" xpath="/rss/channel/subject"  template="Recherche" commonField="true" />
            <field column="title" xpath="/rss/channel/item/title" />
            <field column="link" xpath="/rss/channel/item/link" />
            <field column="description" xpath="/rss/channel/item/description" stripHTML="true"/>
            <field column="creator" xpath="/rss/channel/item/author" />
            <field column="category" xpath="/rss/channel/item/category" />
            <field column="dateS" xpath="/rss/channel/item/pubDate" template="NOW"/>
        </entity>
       <entity name="Inserm"
                pk="link"
                url="http://www.inserm.fr/rss/feed/Actualite"
                processor="XPathEntityProcessor"
                forEach="/rss/channel/item | /rss/channel"
                transformer="LogTransformer, DateFormatTransformer,HTMLStripTransformer,TemplateTransformer"
                logTemplate="${e.name}" logLevel="trace">
            <field column="source" xpath="/rss/channel/title" template="Inserm" />
            <field column="source-link" xpath="/rss/channel/link" commonField="true" />
            <field column="subject" xpath="/rss/channel/subject"  template="Sciences" commonField="true" />
            <field column="title" xpath="/rss/channel/item/title" />
            <field column="link" xpath="/rss/channel/item/link" />
            <field column="description" xpath="/rss/channel/item/description" stripHTML="true"/>
            <field column="creator" xpath="/rss/channel/item/author" />
            <field column="category" xpath="/rss/channel/item/category" />
            <field column="dateS" xpath="/rss/channel/item/pubDate" template="NOW"/>
        </entity>
       <entity name="Inserm"
                pk="link"
                url="http://www.inserm.fr/rss/feed/actualites-societe"
                processor="XPathEntityProcessor"
                forEach="/rss/channel/item | /rss/channel"
                transformer="LogTransformer, DateFormatTransformer,HTMLStripTransformer,TemplateTransformer"
                logTemplate="${e.name}" logLevel="trace">
            <field column="source" xpath="/rss/channel/title" template="Inserm" />
            <field column="source-link" xpath="/rss/channel/link" commonField="true" />
            <field column="subject" xpath="/rss/channel/subject"  template="Sciences sociales" commonField="true" />
            <field column="title" xpath="/rss/channel/item/title" />
            <field column="link" xpath="/rss/channel/item/link" />
            <field column="description" xpath="/rss/channel/item/description" stripHTML="true"/>
            <field column="creator" xpath="/rss/channel/item/author" />
            <field column="category" xpath="/rss/channel/item/category" />
            <field column="dateS" xpath="/rss/channel/item/pubDate" template="NOW"/>
        </entity>

       <entity name="Futura Sciences"
                pk="link"
                url="http://www.futura-sciences.com/rss/actualites.xml"
                processor="XPathEntityProcessor"
                forEach="/rss/channel/item | /rss/channel"
                transformer="LogTransformer, DateFormatTransformer,HTMLStripTransformer,TemplateTransformer"
                logTemplate="${e.name}" logLevel="trace">
            <field column="source" xpath="/rss/channel/title" template="Futura Sciences" />
            <field column="source-link" xpath="/rss/channel/link" commonField="true" />
            <field column="subject" xpath="/rss/channel/subject"  template="Sciences" commonField="true" />
            <field column="title" xpath="/rss/channel/item/title" />
            <field column="link" xpath="/rss/channel/item/link" />
            <field column="description" xpath="/rss/channel/item/description" stripHTML="true"/>
            <field column="creator" xpath="/rss/channel/item/author" />
            <field column="category" xpath="/rss/channel/item/category" />
            <field column="dateS" xpath="/rss/channel/item/pubDate" template="NOW"/>
        </entity>

       <entity name="Futura Sciences"
                pk="link"
                url="http://www.futura-sciences.com/rss/sante/actualites.xml"
                processor="XPathEntityProcessor"
                forEach="/rss/channel/item | /rss/channel"
                transformer="LogTransformer, DateFormatTransformer,HTMLStripTransformer,TemplateTransformer"
                logTemplate="${e.name}" logLevel="trace">
            <field column="source" xpath="/rss/channel/title" template="Futura Sciences" />
            <field column="source-link" xpath="/rss/channel/link" commonField="true" />
            <field column="subject" xpath="/rss/channel/subject"  template="Santé" commonField="true" />
            <field column="title" xpath="/rss/channel/item/title" />
            <field column="link" xpath="/rss/channel/item/link" />
            <field column="description" xpath="/rss/channel/item/description" stripHTML="true"/>
            <field column="creator" xpath="/rss/channel/item/author" />
            <field column="category" xpath="/rss/channel/item/category" />
            <field column="dateS" xpath="/rss/channel/item/pubDate" template="NOW"/>
        </entity>

       <entity name="Futura Sciences"
                pk="link"
                url="http://www.futura-sciences.com/rss/high-tech/actualites.xml"
                processor="XPathEntityProcessor"
                forEach="/rss/channel/item | /rss/channel"
                transformer="LogTransformer, DateFormatTransformer,HTMLStripTransformer,TemplateTransformer"
                logTemplate="${e.name}" logLevel="trace">
            <field column="source" xpath="/rss/channel/title" template="Futura Sciences" />
            <field column="source-link" xpath="/rss/channel/link" commonField="true" />
            <field column="subject" xpath="/rss/channel/subject"  template="Technologies" commonField="true" />
            <field column="title" xpath="/rss/channel/item/title" />
            <field column="link" xpath="/rss/channel/item/link" />
            <field column="description" xpath="/rss/channel/item/description" stripHTML="true"/>
            <field column="creator" xpath="/rss/channel/item/author" />
            <field column="category" xpath="/rss/channel/item/category" />
            <field column="dateS" xpath="/rss/channel/item/pubDate" template="NOW"/>
        </entity>




       <entity name="01 Net"
                pk="link"
                url="http://www.01net.com/rss/actualites/"
                processor="XPathEntityProcessor"
                forEach="/rss/channel/item | /rss/channel"
                transformer="LogTransformer, DateFormatTransformer,HTMLStripTransformer,TemplateTransformer"
                logTemplate="${e.name}" logLevel="trace">
            <field column="source" xpath="/rss/channel/title" template="01 Net" />
            <field column="source-link" xpath="/rss/channel/link" commonField="true" />
            <field column="subject" xpath="/rss/channel/subject"  template="Informatique" commonField="true" />
            <field column="title" xpath="/rss/channel/item/title" />
            <field column="link" xpath="/rss/channel/item/link" />
            <field column="description" xpath="/rss/channel/item/description" stripHTML="true"/>
            <field column="creator" xpath="/rss/channel/item/author" />
            <field column="category" xpath="/rss/channel/item/category" />
            <field column="dateS" xpath="/rss/channel/item/pubDate" template="NOW"/>
        </entity>

       <entity name="Le Monde Informatique"
                pk="link"
                url="http://www.lemondeinformatique.fr/flux-rss/thematique/toutes-les-actualites/rss.xml"
                processor="XPathEntityProcessor"
                forEach="/rss/channel/item | /rss/channel"
                transformer="LogTransformer, DateFormatTransformer,HTMLStripTransformer,TemplateTransformer"
                logTemplate="${e.name}" logLevel="trace">
            <field column="source" xpath="/rss/channel/title" template="Le Monde Informatique" />
            <field column="source-link" xpath="/rss/channel/link" commonField="true" />
            <field column="subject" xpath="/rss/channel/subject"  template="Informatique" commonField="true" />
            <field column="title" xpath="/rss/channel/item/title" />
            <field column="link" xpath="/rss/channel/item/link" />
            <field column="description" xpath="/rss/channel/item/description" stripHTML="true"/>
            <field column="creator" xpath="/rss/channel/item/author" />
            <field column="category" xpath="/rss/channel/item/category" />
            <field column="dateS" xpath="/rss/channel/item/pubDate" template="NOW"/>
        </entity>

       <entity name="TIC et Société"
                pk="link"
                url="http://ticetsociete.revues.org/backend?format=rssdocuments"
                processor="XPathEntityProcessor"
                forEach="/rss/channel/item | /rss/channel"
                transformer="LogTransformer, DateFormatTransformer,HTMLStripTransformer,TemplateTransformer"
                logTemplate="${e.name}" logLevel="trace">
            <field column="source" xpath="/rss/channel/title" template="TIC et Société" />
            <field column="source-link" xpath="/rss/channel/link" commonField="true" />
            <field column="subject" xpath="/rss/channel/subject"  template="Informatique" commonField="true" />
            <field column="title" xpath="/rss/channel/item/title" />
            <field column="link" xpath="/rss/channel/item/link" />
            <field column="description" xpath="/rss/channel/item/description" stripHTML="true"/>
            <field column="creator" xpath="/rss/channel/item/author" />
            <field column="category" xpath="/rss/channel/item/category" />
            <field column="dateS" xpath="/rss/channel/item/pubDate" template="NOW"/>
        </entity>

       <entity name="LCP"
                pk="link"
                url="http://www.lcp.fr/rss.xml"
                processor="XPathEntityProcessor"
                forEach="/rss/channel/item | /rss/channel"
                transformer="LogTransformer, DateFormatTransformer,HTMLStripTransformer,TemplateTransformer"
                logTemplate="${e.name}" logLevel="trace">
            <field column="source" xpath="/rss/channel/title" template="LCP" />
            <field column="source-link" xpath="/rss/channel/link" commonField="true" />
            <field column="subject" xpath="/rss/channel/subject"  template="Politique" commonField="true" />
            <field column="title" xpath="/rss/channel/item/title" />
            <field column="link" xpath="/rss/channel/item/link" />
            <field column="description" xpath="/rss/channel/item/description" stripHTML="true"/>
            <field column="creator" xpath="/rss/channel/item/author" />
            <field column="category" xpath="/rss/channel/item/category" />
            <field column="dateS" xpath="/rss/channel/item/pubDate" template="NOW"/>
        </entity>

       <entity name="Alternatives économiques"
                pk="link"
                url="http://www.alternatives-economiques.fr/fr-0002.xml"
                processor="XPathEntityProcessor"
                forEach="/rss/channel/item | /rss/channel"
                transformer="LogTransformer, DateFormatTransformer,HTMLStripTransformer,TemplateTransformer"
                logTemplate="${e.name}" logLevel="trace">
            <field column="source" xpath="/rss/channel/title" template="Alternatives économiques" />
            <field column="source-link" xpath="/rss/channel/link" commonField="true" />
            <field column="subject" xpath="/rss/channel/subject"  template="Economie" commonField="true" />
            <field column="title" xpath="/rss/channel/item/title" />
            <field column="link" xpath="/rss/channel/item/link" />
            <field column="description" xpath="/rss/channel/item/description" stripHTML="true"/>
            <field column="creator" xpath="/rss/channel/item/author" />
            <field column="category" xpath="/rss/channel/item/category" />
            <field column="dateS" xpath="/rss/channel/item/pubDate" template="NOW"/>
        </entity>

       <entity name="Reflets de la physique"
                pk="link"
                url="http://feeds.feedburner.com/edp_refdp?format=xml"
                processor="XPathEntityProcessor"
                forEach="/rss/channel/item | /rss/channel"
                transformer="LogTransformer, DateFormatTransformer,HTMLStripTransformer,TemplateTransformer"
                logTemplate="${e.name}" logLevel="trace">
            <field column="source" xpath="/rss/channel/title" template="Reflets de la physique" />
            <field column="source-link" xpath="/rss/channel/link" commonField="true" />
            <field column="subject" xpath="/rss/channel/subject"  template="Physique" commonField="true" />
            <field column="title" xpath="/rss/channel/item/title" />
            <field column="link" xpath="/rss/channel/item/link" />
            <field column="description" xpath="/rss/channel/item/description" stripHTML="true"/>
            <field column="creator" xpath="/rss/channel/item/author" />
            <field column="category" xpath="/rss/channel/item/category" />
            <field column="dateS" xpath="/rss/channel/item/pubDate" template="NOW"/>
        </entity>

       <entity name="Nature Sciences Société"
                pk="link"
                url="http://feeds.feedburner.com/edp_nss?format=xml"
                processor="XPathEntityProcessor"
                forEach="/rss/channel/item | /rss/channel"
                transformer="LogTransformer, DateFormatTransformer,HTMLStripTransformer,TemplateTransformer"
                logTemplate="${e.name}" logLevel="trace">
            <field column="source" xpath="/rss/channel/title" template="Nature Sciences Société" />
            <field column="source-link" xpath="/rss/channel/link" commonField="true" />
            <field column="subject" xpath="/rss/channel/subject"  template="Biologie" commonField="true" />
            <field column="title" xpath="/rss/channel/item/title" />
            <field column="link" xpath="/rss/channel/item/link" />
            <field column="description" xpath="/rss/channel/item/description" stripHTML="true"/>
            <field column="creator" xpath="/rss/channel/item/author" />
            <field column="category" xpath="/rss/channel/item/category" />
            <field column="dateS" xpath="/rss/channel/item/pubDate" template="NOW"/>
        </entity>
       <entity name="Usine Nouvelle"
                pk="link"
                url="http://rss.usinenouvelle.com/a-la-une"
                processor="XPathEntityProcessor"
                forEach="/rss/channel/item | /rss/channel"
                transformer="LogTransformer, DateFormatTransformer,HTMLStripTransformer,TemplateTransformer"
                logTemplate="${e.name}" logLevel="trace">
            <field column="source" xpath="/rss/channel/title" template="Usine Nouvelle" />
            <field column="source-link" xpath="/rss/channel/link" commonField="true" />
            <field column="subject" xpath="/rss/channel/subject"  template="Economie/Industrie" commonField="true" />
            <field column="title" xpath="/rss/channel/item/title" />
            <field column="link" xpath="/rss/channel/item/link" />
            <field column="description" xpath="/rss/channel/item/description" stripHTML="true"/>
            <field column="creator" xpath="/rss/channel/item/author" />
            <field column="category" xpath="/rss/channel/item/category" />
            <field column="dateS" xpath="/rss/channel/item/pubDate" template="NOW"/>
        </entity>

    </document>



</dataConfig>
