<dataConfig>
    <dataSource type="URLDataSource" />
    <document>
        <entity name="slashdot"
                pk="link"
                url="http://rss.slashdot.org/Slashdot/slashdot"
                processor="XPathEntityProcessor"
                forEach="/rss/channel/item"
                transformer="DateFormatTransformer">
        
            <field column="source" xpath="/rss/channel/title" commonField="true" />
            <field column="source-link" xpath="/rss/channel/link" commonField="true" />
            <field column="subject" xpath="/rss/channel/subject" commonField="true" />
      
            <field column="title" xpath="/rss/channel/item/title" />
            <field column="link" xpath="/rss/channel/item/link" />
            <field column="description" xpath="/rss/channel/item/description" />
            <field column="creator" xpath="/rss/channel/item/creator" />
            <field column="item-subject" xpath="/rss/channel/item/subject" />
            <field column="date" xpath="/rss/channel/item/date" dateTimeFormat="yyyy-MM-dd'T'HH:mm:ss" />
            <field column="slash-department" xpath="/rss/channel/item/department" />
            <field column="slash-section" xpath="/rss/channel/item/section" />
            <field column="slash-comments" xpath="/rss/channel/item/comments" />
        </entity>
    </document>
</dataConfig>
